;doc;source;author;title;year;period;text_type;sentence;collocation;translation;use
10772;diacorisGuareschi1.txt;DiaCoris;Giovanni Guareschi;Corrierino delle famiglie;1954.0;1951-2000;prosa letteraria;['scritte murali si fa un contratto è necessario esseres spaventosamente pignoli , specificare ogni dettaglio rifuggendo nel modo più assoluto dal generico , altrimenti , alla fine , si provano delle pessime sorprese .'];spaventosamente pignol;Um einen Vertrag abzuschließen, ist es notwendig, schrecklich pingelig zu sein, jedes Detail zu spezifizieren und das Allgemeine auf die absoluteste Weise zu vermeiden, sonst erlebt man am Ende böse Überraschungen;NU
10778;diacorisPoggiali1.txt;DiaCoris;Ciro Poggiali / Il Borghese;La liquidazione dei conti Manzon;1954.0;1951-2000;stampa;"['quando fu poi scoperto il suo cadavere sotto agli altri quattro , e spaventosamente conservato , si vide che la mano destra stringeva la chiave ; e sul volto dalle occhiaie vuote , ma dai muscoli intatti , la stessa grinta di disprezzo e di minaccia che doveva avere avuto quando venne colpita .']";spaventosamente conservato;"als seine Leiche dann unter den anderen vier entdeckt und schrecklich konserviert wurde, sah man, dass die rechte Hand den Schlüssel hielt; und im Gesicht mit leeren dunklen Ringen, aber mit intakten Muskeln, die gleiche Entschlossenheit von Verachtung und Drohung, die es gehabt haben muss, als es getroffen wurde";CU
10802;LLGrande1.txt;Liber Liber;Luigi Grande;Diritto all'ozio;1956.0;1951-2000;prosa letteraria;['siccome quando la sorte ci si mette non risparmia i doni, la figlia di dmetra, pinuccia, vezzeggiativo di prosrpina  ma aveva un sacco di altri nomi ancora, tutti vezzeggiativi che le aveva appiccicato la mamma: persfone, kora e cos via  oltre ad essere cos spaventosamente ricca, era anche una gran bella figliola.'];spaventosamente ricco;denn, wie das Schicksal sagt, es schont nicht die Geschenke, Dmetras Tochter, Pinuccia, war ein Kosename für Prosrpina, aber sie hatte viele andere Namen, alles Zärtlichkeiten, die ihre Mutter ihr angehängt hatte: Persfone, Kora und so weiter Sie war nicht nur so schrecklich reich, sondern auch eine sehr schöne Tochter;NU
10858;diacorisBuzzati3.txt;DiaCoris;Dino Buzzati;Sessanta racconti;1958.0;1951-2000;prosa letteraria;['e accanto le sedeva , immoto , un bambino bellissimo e spaventosamente pallido che pareva dovesse morire da un momento all   altro .'];spaventosamente pallido;und neben ihr saß regungslos ein schönes und schrecklich blasses Kind, das jeden Moment zu sterben schien;BU
10858;diacorisBuzzati3.txt;DiaCoris;Dino Buzzati;Sessanta racconti;1958.0;1951-2000;prosa letteraria;['i battaglioni giunsero alla frontiera di guerra , travolsero spaventosamente il nemico , ingrassandone i territori , il fragore delle vittorie dilagava nel mondo , gli scalpitii si perdevano per le pianure sempre più lontano dalle cupole argentee della reggia .'];travolgere spaventosamente;die Bataillone erreichten die Kriegsgrenze, überwältigten den Feind furchtbar, mästeten ihre Territorien, das Siegesgeschrei breitete sich in der ganzen Welt aus, die Pfote verlor sich in den Ebenen, die immer weiter von den silbernen Kuppeln des Palastes entfernt waren;CU
10960;LISBrera1.txt;LIS;Gianni Brera;Due volte Livio Berruti eguaglia il mondiale ;1960.0;1951-2000;stampa;['galoppano alle sue spalle diavoli orrendi , omoni di una razza spaventosamente vitale , giovane , truculenta , belluina .'];spaventosamente vitale;Hinter ihm her galoppierten abscheuliche Teufel, große Männer einer schrecklich vitalen Rasse, jung, trotzig, schön;BU
10993;LISMerlin5.txt;LIS;Tina Merlin;Il crollo della diga del Vajont ;1963.0;1951-2000;stampa;['venendo verso ponte delle alpi ho visto , alla periferia di belluno e in altri paesi , donne coi bambini in braccio fuggire nella notte , lontano dal piave le cui acque , per un raggio di molti chilometri , si sono spaventosamente ingrossate .'];spaventosamente ingrossato;Als ich mich dem Ponte delle Alpi näherte, sah ich am Stadtrand von Belluno und in anderen Ländern Frauen mit Kindern im Arm in die Nacht fliehen, weit weg von der Piave, deren Wasser im Umkreis von vielen Kilometern schrecklich angeschwollen war;BU
11027;diacorisCaproni1.txt;DiaCoris;Giorgio Caproni;Traduzione di Bel-Ami di Guy de Maupassant;1965.0;1951-2000;prosa letteraria;['tutte le religioni sono stupide , con la loro morale puerile e le loro egoistiche promesse , spaventosamente sciocche .'];spaventosamente sciocco;alle Religionen sind dumm, mit ihren kindlichen Moralvorstellungen und ihren selbstsüchtigen Versprechungen, schrecklich albern;NU
11027;diacorisCaproni1.txt;DiaCoris;Giorgio Caproni;Traduzione di Bel-Ami di Guy de Maupassant;1965.0;1951-2000;prosa letteraria;['in una settimana era spaventosamente dimagrito e impallidito , e la tosse non gli dava tregua .', 's   era creduto ricco coi cinquecentomila franchi estorti alla moglie , e ora si sentiva povero , spaventosamente povero , paragonando la sua meschina fortuna con la pioggia di milioni cadutagli intorno senza che lui fosse riuscito a raccattare un soldo .'];spaventosamente povero;in einer Woche war er schrecklich mager und blass geworden, und der Husten ließ ihm keine Ruhe, er war für reich gehalten worden mit den fünfhunderttausend Francs, die er von seiner Frau erpresst hatte, und jetzt fühlte er sich arm, schrecklich arm, wenn man sein kleines Vermögen vergleicht mit dem Millionenregen, der um ihn herum fiel, ohne dass er es geschafft hatte, einen Cent aufzutreiben;NU
11027;diacorisCaproni1.txt;DiaCoris;Giorgio Caproni;Traduzione di Bel-Ami di Guy de Maupassant;1965.0;1951-2000;prosa letteraria;['in una settimana era spaventosamente dimagrito e impallidito , e la tosse non gli dava tregua .', 's   era creduto ricco coi cinquecentomila franchi estorti alla moglie , e ora si sentiva povero , spaventosamente povero , paragonando la sua meschina fortuna con la pioggia di milioni cadutagli intorno senza che lui fosse riuscito a raccattare un soldo .'];spaventosamente dimagrito;in einer Woche war er schrecklich mager und blass geworden, und der Husten ließ ihm keine Ruhe, er war für reich gehalten worden mit den fünfhunderttausend Francs, die er von seiner Frau erpresst hatte, und jetzt fühlte er sich arm, schrecklich arm, wenn man sein kleines Vermögen vergleicht mit dem Millionenregen, der um ihn herum fiel, ohne dass er es geschafft hatte, einen Cent aufzutreiben;BU
11055;diacorisRomano1.txt;DiaCoris;Lalla Romano;Le parole tra noi leggere;1969.0;1951-2000;prosa letteraria;['il fatto è che sono spaventosamente ottimista , tendo a considerare immortale l   opera d   arte in senso materiale , cioè improprio .'];spaventosamente ottimista;Tatsache ist, dass ich schrecklich optimistisch bin, ich neige dazu, das Kunstwerk im materiellen Sinne für unsterblich zu halten…;NU
11055;diacorisRomano1.txt;DiaCoris;Lalla Romano;Le parole tra noi leggere;1969.0;1951-2000;prosa letteraria;['quando lo guardai in faccia vidi il suo occhio spaventosamente rosso .'];spaventosamente rosso;Als ich ihm ins Gesicht sah, sah ich sein Auge schrecklich rot;BU
11055;diacorisRomano1.txt;DiaCoris;Lalla Romano;Le parole tra noi leggere;1969.0;1951-2000;prosa letteraria;"['sapevo bene che l   impiego , quella cosa enorme , era in fondo inconsistente , non del tutto reale ; eppure nello stesso tempo spaventosamente reale , come solo può risultare ciò che è totalmente esterno .']";spaventosamente reale;"Ich wusste sehr gut, dass der Nutzen, dieses riesige Ding, im Grunde widersprüchlich war, nicht ganz real; und doch zugleich schrecklich real, da sich nur das ganz Äußerliche erweisen kann";NU
11055;diacorisRomano1.txt;DiaCoris;Lalla Romano;Le parole tra noi leggere;1969.0;1951-2000;prosa letteraria;['così maria , quando lo vedeva uscire per andare incontro a lei con certi famosi calzoni di velluto più volte lavati e perciò scoloriti , quasi bianchi e di nuovo spaventosamente imbrattati :   come ti osi accompagnare la signorina in quello stato ?'];spaventosamente imbrattato;so Maria, als sie ihn ihr entgegengehen sah in gewissen berühmten Samthosen, die mehrmals gewaschen und dadurch verfärbt, fast weiß und wieder fürchterlich verschmiert waren: wie kannst du es wagen, die junge Dame in diesem Zustand zu begleiten;NU
11055;diacorisRomano1.txt;DiaCoris;Lalla Romano;Le parole tra noi leggere;1969.0;1951-2000;prosa letteraria;['il che poteva deludere spaventosamente una moglie .'];deludere spaventosamente;was eine Frau furchtbar enttäuschen konnte;NU
11098;GBspaventosamente.csv;Gutenberg; Aldo Palazzeschi;Il Re bello;1973.0;1951-2000;prosa letteraria;['urlava ora spaventosamente il monarca come un  invocazione una minaccia e una bestemmia.'];urlare spaventosamente;der Monarch schrie jetzt fürchterlich wie eine Beschwörung, eine Drohung und eine Lästerung;CU
11128;GBspaventosamente.csv;Gutenberg; Aldo Palazzeschi;Il Re bello;1973.0;1951-2000;prosa letteraria;['un maggiore a riposo, gentiluomo verso i settanta, uomo spaventosamente metodico, molto galante, e molto ciarliero pure parlando con una lentezza ed una solennità imponentissime.'];spaventosamente metodico;ein Major im Ruhestand, ein Gentleman in den Siebzigern, ein schrecklich methodischer Mann, sehr galant und sehr gesprächig, sogar wenn er mit einer beeindruckenden Langsamkeit und Feierlichkeit spricht;NU
11167;diacorisPascoli3.txt;DiaCoris;Pier Paolo Pascoli / Il Corriere della Sera;Fuori dal Palazzo;1975.0;1951-2000;stampa;['ciò che avviene   fuori dal palazzo   è qualitativamente , cioè storicamente , diverso da ciò che avviene   dentro il palazzo   : è infinitamente più nuovo spaventosamente più avanzato .'];spaventosamente avanzato;was außerhalb des Gebäudes passiert, ist qualitativ, also historisch, anders als das, was innerhalb des Gebäudes passiert: es ist unendlich neuer und schrecklich fortschrittlicher;PU
11169;diacorisPascoli2.txt;DiaCoris;Pier Paolo Pascoli / Il Corriere della Sera;Il vuoto del potere in Italia;1975.0;1951-2000;stampa;['quasi che si trattasse soltanto di   sostituire   il gruppo di uomini che ci ha tanto spaventosamente governati per trent   anni , portando l   italia al disastro economico , ecologico , urbanistico , antropologico .'];spaventosamente governato;als ginge es nur darum, die Gruppe von Männern zu ersetzen, die uns dreißig Jahre lang so schrecklich regiert und Italien in eine wirtschaftliche, ökologische, städtebauliche und anthropologische Katastrophe gebracht hat;CU
11170;diacorisPascoli4.txt;DiaCoris;Pier Paolo Pascoli / Il Corriere della Sera;Perché il processo;1975.0;1951-2000;stampa;['è spaventosamente chiaro .'];spaventosamente chiaro;es ist schrecklich klar;NU
11171;diacorisCialente1.txt;DiaCoris;Fausta Cialente;Le quattro ragazze Wieselberger;1976.0;1951-2000;prosa letteraria;"['morì assai giovane , poveretta , quando io vivevo già da qualche anno in egitto ma non avevo cessato di mantenere con lei un   amichevole corrispondenza ; e furono suppongo i suoi coabitanti a inviarmi l   annuncio della morte avvenuta e l   orrenda fotografia d   una povera salma   ristampata s   un doppio cartoncino con tanto di croce e di preghiere , naturalmente   nella quale non riconobbi le gentili sembianze che la malattia e la morte avevano spaventosamente alterato']";spaventosamente alterato;"sie starb sehr jung, armes Ding, als ich schon einige Jahre in Ägypten gelebt hatte, aber ich hatte nicht aufgehört, einen freundschaftlichen Briefwechsel mit ihr zu pflegen; und ich nehme an, es waren ihre Mitbewohner, die mir die Todesanzeige und das schreckliche Foto eines armen Körpers auf einer Doppelkarte mit vielen Kreuzen und Gebeten schickten, auf denen ich natürlich die freundlichen Züge nicht erkannte, die Krankheit und Tod schrecklich verändert hatten";BU
11171;diacorisCialente1.txt;DiaCoris;Fausta Cialente;Le quattro ragazze Wieselberger;1976.0;1951-2000;prosa letteraria;"['in città essi scendevano per qualche commercio , e andavano e venivano indaffarati e altezzosi , spaventosamente magri , di pelle scura e lucida ; quasi tutti avevano una rada e appuntita barbetta nera e un aspetto assai feroce .']";spaventosamente magro;"sie gingen in die Stadt, um Handel zu treiben, und kamen und gingen geschäftig und hochmütig, schrecklich dünn, mit dunkler und glänzender Haut; fast alle hatten einen spärlichen schwarzen Spitzbart und ein sehr wildes Aussehen";NU
11178;diacorisBusi1.txt;DiaCoris;Aldo Busi (traduttore) / J.W. Goethe;I dolori del giovane Werther;1983.0;1951-2000;prosa letteraria;['si racconta di una nobile razza di cavalli che , quando sono spaventosamente spronati e accaldati , si mordono istintivamente una vena per poter riprendere fiato .'];spaventosamente spronato;Es erzählt von einer edlen Pferderasse, die, wenn sie schrecklich angespornt und heiß sind, instinktiv in eine Vene beißen, um zu Atem zu kommen;NU
11178;diacorisBusi1.txt;DiaCoris;Aldo Busi (traduttore) / J.W. Goethe;I dolori del giovane Werther;1983.0;1951-2000;prosa letteraria;['il suo essere era stato spaventosamente sconvolto da quella emozione violenta .'];spaventosamente sconvolto;sein Wesen war von dieser heftigen Emotion schrecklich aufgewühlt worden;NU
14358;LRspaventosamente1985.txt;La Repubblica;sconosciuto; Probabile lesione del menisco proprio negli ultimi metri della vittoriosa discesa di Coppa a Kitzbuehel. ;1985.0;1951-2000;stampa;['zurbriggen aveva fatto una grande gara , come il giorno prima ,  spaventosamente  bravo e coraggioso .'];spaventosamente bravo;Zurbriggen hatte wie am Vortag ein tolles Rennen, schrecklich gut und mutig;PU
14437;LRspaventosamente1985.txt;La Repubblica;Massimo Perrone; Calcio anno zero Dalle società in difficoltà al nuovo scandalo, ecco che pensa il presidente di Lega. ;1985.0;1951-2000;stampa;['la situazione è drammatica ,  spaventosamente  drammatica , molto più di quanto voi crediate   .'];spaventosamente drammatico;die Situation ist dramatisch, schrecklich dramatisch, viel mehr als man denkt;NU
14454;LRspaventosamente1985.txt;La Repubblica;Stefano Malatesta; I belgi terrorizzati dal massacro nel supermercato. ;1985.0;1951-2000;stampa;['il belgio si è ritrovato ad essere , o a sentirsi di essere , in due giorni , un altro paese : pericolosamente ,  spaventosamente  simile ad altri paesi confinanti o meridionali .'];spaventosamente simile;Belgien fand sich innerhalb von zwei Tagen als ein anderes Land wieder oder fühlte sich als ein anderes Land: auf gefährliche, schreckliche Weise ähnlich wie andere benachbarte oder südliche Länder;BU
14475;LRspaventosamente1985.txt;La Repubblica;Beniamino Placido; In margine a  Mister O : lo strano atteggiamento di alcuni filosofi della scienza verso la parapsicologia. ;1985.0;1951-2000;stampa;['è possibile perfino che questo universo così  spaventosamente  grande , in cui l  intero sistema solare ha le dimensioni di un microbo , si riveli un giorno una mostruosa colossale allucinazione   personalmente , lo spero   .'];spaventosamente grande;Es ist sogar möglich, dass sich dieses schrecklich große Universum, in dem das gesamte Sonnensystem die Größe einer Mikrobe hat, eines Tages als eine monströse kolossale Halluzination erweisen wird..;BU
14491;LRspaventosamente1985.txt;La Repubblica;Giovanni Maria Pace; Si apre oggi a Torino un convegno sull' intelligenza artificiale. ;1985.0;1951-2000;stampa;['al contrario , il processo della visione è  spaventosamente  complesso : basti pensare che i rivelatori dell  occhio   i coni e i bastoncelli   sono all  incirca cento milioni e che la retina , prima ancora che l  informazione arrivi al cervello , è in grado di compiere l  equivalente di qualche miliardo di operazioni elementari al secondo .'];spaventosamente complesso;im Gegenteil, der Sehvorgang ist schrecklich komplex...;NU
14494;LRspaventosamente1985.txt;La Repubblica;BOB WOODWARD; Tradotta in Italia la biografia scritta da Bob Woodward. ;1985.0;1951-2000;stampa;['il lato destro in cui doveva essersi fermato il sangue era  spaventosamente  nero .'];spaventosamente nero;die rechte Seite, wo das Blut stehengeblieben sein musste, war schrecklich schwarz;BU
14651;LRmostruosamente1985.txt;La Repubblica;Franco Prattico; VIAGGIO TRA I CACCIATORI DI STELLE / 5  L' Universo?;1985.0;1951-2000;stampa;['diventa sempre più compatta , più pesante , la materia di cui è fatta a quelle immani pressioni si trasforma : ora è una stella di neutroni , una palla di venti chilometri di diametro ma con una massa spaventosamente densa .'];spaventosamente denso;wird immer kompakter, schwerer, die Materie, aus der es besteht, verwandelt sich bei diesen immensen Drücken: Jetzt ist es ein Neutronenstern, eine Kugel mit einem Durchmesser von zwanzig Kilometern, aber einer schrecklich dichten Masse;NU
14653;LRspaventosamente1985.txt;La Repubblica;Mario Fossati; Conversando con Bartali di un confronto che ha fatto storia, dividendo l' Italia.;1985.0;1951-2000;stampa;['eppoi , all  uscita , il grande professore , chiamato  spaventosamente  tardi , a consulto , nella notte .'];spaventosamente tardi;und dann, am Ausgang, kam der große Professor, schrecklich spät, um sich in der Nacht zu beraten;NU
14656;LRatrocemente1985.txt;La Repubblica;Franco Vernice; Dalla massa di melma spuntano brandelli di tronchi, rottami di automobili, spezzoni di muro, vestiti strappati.;1985.0;1951-2000;stampa;['un elenco spaventosamente breve , smilzo ,  atrocemente  avaro , che i familiari dei dispersi accorsi quassù scorrono disperati .'];spaventosamente breve;eine schrecklich kurze, dünne, entsetzlich geizige Liste, die die hierher strömenden Angehörigen der Vermissten verzweifelt durchscrollen;NU
14702;LRspaventosamente1985.txt;La Repubblica;Stefano Rodotà;PROMEMORIA SUL CASO NARIA.;1985.0;1951-2000;stampa;['intanto , la sua salute è  spaventosamente  deperita e sta addirittura spegnendosi la sua voglia di vivere .'];spaventosamente deperito;Inzwischen ist seine Gesundheit fürchterlich aufgebraucht und sein Lebenswille stirbt sogar ab;BU
14885;LRspaventosamente.txt;La Repubblica;Enrico Franceschini; In fumo oltre 6 miliardi di dollari. ;1986.0;1951-2000;stampa;['all  interno , nello sterminato entroterra americano , la situazione è meno rassicurante :   si può parlare di due distinte economie   scrive il post , una che continua lentamente ad espandersi , l  altra che ha  spaventosamente  rallentato .'];spaventosamente rallentato;Im Inneren, im riesigen amerikanischen Hinterland, ist die Situation weniger beruhigend: Wir können von zwei verschiedenen Wirtschaften sprechen, schreibt die Post, eine, die weiterhin langsam expandiert, die andere, die sich schrecklich verlangsamt hat;NU
15450;diacorisLevi3.txt;DiaCoris;Primo Levi;I sommersi e i salvati;1986.0;1951-2000;espositivo;['ed infatti il numero fu spaventosamente ridotto , ma qualcuno ha pure avuto la fortuna e la forza di sopravvivere , ed è rimasto per testimoniare .'];spaventosamente ridotto;und tatsächlich war die Zahl schrecklich reduziert, aber jemand hatte auch das Vermögen und die Kraft zu überleben und blieb, um auszusagen;BU
17229;LRspaventosamente.txt;La Repubblica;sconosciuto; Gran Premio ad Imola È andato fuori pista venerdì ad oltre 200 orari.;1987.0;1951-2000;stampa;['quando , nel silenzio profondo , gli ultimi granelli di polvere ricadono al suolo , quel che resta della williams è  spaventosamente  poco : solo l  abitacolo del pilota , una cellula in fibre di carbonio , dal quale nelson tenta disperatamente di uscire per poi ricadere al suo posto .'];spaventosamente poco;als in der tiefen Stille die letzten Staubkörner zu Boden fallen, ist von der Williams schrecklich wenig übrig: nur das Fahrercockpit, eine Karbonfaserzelle, aus der Nelson verzweifelt herauszukommen versucht und dann wieder zurückfällt;BU
17792;LRspaventosamente.txt;La Repubblica;Miriam Mafai; L' AGONIA DA TRAFFICO DI UNA CITTA' Da mezzo secolo si cerca di spostare a est uffici e ministeri, ma il progetto resta un sogno.;1987.0;1951-2000;stampa;['la difficoltà di raggiungere il centro , e la rarità degli alloggi ne fa lievitare  spaventosamente  il prezzo : se non ci si può arrivare , tanto vale viverci .'];lievitare spaventosamente;Die Schwierigkeit, das Zentrum zu erreichen, und die Seltenheit der Unterkünfte lassen die Preise furchtbar steigen: Wenn Sie nicht dorthin gelangen können, können Sie genauso gut dort wohnen;NU
17831;LRspaventosamente.txt;La Repubblica;Ugo Volli; Primeteatro --  Chiamatemi Kowalski , con Paolo Rossi di Gino e Michele. ;1987.0;1951-2000;stampa;"['non a caso si occupa di due oggetti ugualmente improbabili : un signore che forse è un piccione viaggiatore e forse un ragazzo che soffre di brufoli e ha vinto il campionato mondiale di autoerotismo rapido , e si chiama evidentemente kowalski ; e una cosa non meglio definibile se non col suo nome ,   sgurz   , che somiglia  spaventosamente  al genio , e , se ho capito bene , è la risorsa più inegualmente distribuita al mondo , dopo il denaro .']";somigliare spaventosamente;...und etwas, das nicht besser definiert werden kann als durch seinen Namen, Sgurz, der schrecklich nach Genie aussieht und, wenn ich es richtig verstehe, nach Geld die am ungleichmäßigsten verteilte Ressource der Welt ist;NU
18718;LRspaventosamente.txt;La Repubblica;Giampaolo Pansa;MA PALERMO È IN GUERRA.;1988.0;1951-2000;stampa;['anzi , così  spaventosamente  ricco da potersi comprare deputati , giudici , investigatori , banche , politici , giornalisti .'];spaventosamente ricco;in der Tat so schrecklich reich, dass er Abgeordnete, Richter, Ermittler, Banken, Politiker, Journalisten kaufen kann;PU
18977;LRspaventosamente.txt;La Repubblica;Alberto Cavallari;NON SPARANO BIGNÈ TU LO SAPEVI GEGÈ .;1988.0;1951-2000;stampa;['spaventosamente  ferme , dopo quei duecentonovanta morti innocenti .'];spaventosamente fermo;schrecklich immer noch, nach diesen zweihundertneunzig unschuldigen Toten;CU
20009;LRspaventosamente.txt;La Repubblica;Ermanno Corsi; Benevento, drammatico confronto in carcere con i due aggressori. ;1988.0;1951-2000;stampa;['aumenta  spaventosamente  il numero di quelli che vengono violentati o avviati nel tragico mondo che ruota attorno alla prostituzione .'];aumentare spaventosamente;Die Zahl derer, die vergewaltigt oder in die tragische Welt der Prostitution eingeweiht werden, steigt schrecklich an;BU
21459;LRspaventosamente.txt;La Repubblica;Gianni Brera;L' UOMO SENZA PUDORI.;1989.0;1951-2000;stampa;['già la folgorazione che il comunissimo nome corporativo di ferrarius rientri in quello  spaventosamente  diffuso al nord di smith o schmidt ci convince che per rievocarlo in modo almeno degno sia indispensabile un concilio di iddii secondo normale tradizione epica .'];spaventosamente diffuso;schon der Schock, dass der sehr gebräuchliche Firmenname Ferrarius in den schrecklich weit verbreiteten Namen Smith oder Schmidt im Norden fällt, überzeugt uns davon, dass, um ihn wenigstens würdig zu beschwören, ein Götterrat nach normaler epischer Tradition unabdingbar ist;NU
21563;LRspaventosamente.txt;La Repubblica;Alberto Cavallari;LA BOMBA SUDAMERICANA.;1989.0;1951-2000;stampa;['il debito latino americano cresce  spaventosamente  .'];crescere spaventosamente;die lateinamerikanische Verschuldung wächst schrecklich;BU
22316;LRspaventosamente.txt;La Repubblica;Irene Bignardi; Intervista con il regista olandese autore di un documentario e di un libro di grande successo, che ricostruiscono gli ultimi mesi della giovanissima ebrea. ;1989.0;1951-2000;stampa;['ricorda rachel : le due ragazze frank erano  spaventosamente  magre .'];spaventosamente  magro;Rachel erinnert sich: Die beiden Frank-Mädchen waren schrecklich dünn;NU
22323;LRspaventosamente.txt;La Repubblica;Franco Papitto; LA SCOPERTA DEL NUOVO MONDO Il modello classico del Big Bang, davanti ai nuovi ritrovamenti, comincia a mostrare delle crepe, che fanno intravedere nuove ipotesi di mondi tra cui quello di una  creazione  di spazio, materia ed energia da un vuoto fluttuante di energia. ;1989.0;1951-2000;stampa;['l  universo sarebbe il frutto di una di queste fluttuazioni , enormemente ingrandita da una gigantesca inflazione che ne ha dilatato  spaventosamente  le dimensioni .'];dilatare spaventosamente;Das Universum wäre das Ergebnis einer dieser Schwankungen, enorm vergrößert durch eine gigantische Inflation, die seine Dimensionen schrecklich erweitert hat;NU
22330;LRspaventosamente.txt;La Repubblica;Gianni Mura;LE COLLEZIONI DELLA SIGNORA.;1989.0;1951-2000;stampa;['tutto questo contribuisce ad alzare  spaventosamente  i prezzi .'];alzare spaventosamente;all dies trägt zu schrecklich hohen Preisen bei;NU
22449;LRspaventosamente.txt;La Repubblica;daria galateria; SCAFFALE Narrativa. ;1989.0;1951-2000;stampa;['la doppia scuola dei sentimenti di quella generazione alimentò la leggenda del romanzo buono , sentimentale , che laclos intendeva scrivere per controbilanciare il quadro immorale dipinto nel più  spaventosamente  perverso dei libri   proust   .'];spaventosamente perverso;Die doppelte Gefühlsschule dieser Generation nährte die Legende des guten, sentimentalen Romans, den Laclos zu schreiben beabsichtigte, um das unmoralische Bild auszugleichen, das in den schrecklich perversen Proust-Büchern gezeichnet wird;NU
22538;LRspaventosamente.txt;La Repubblica;Sebastiano Messina; A Milo in Sicilia, dove sta lavorando alla colonna sonora del  Cellini  e alla strumentazione del suo  Gilgamesh , il musicista parla di sé, della musica e della sua carriera. ;1989.0;1951-2000;stampa;['man mano che il ritmo cresceva ci scatenavamo tutti , ed era qualcosa di  spaventosamente  incontrollabile .'];spaventosamente incontrollabile;Als das Tempo zunahm, wurden wir alle wild, und es war schrecklich unkontrollierbar;BU
24311;LRspaventosamente.txt;La Repubblica;Gennaro Schettino; LO SCIOPERO DEI TIR Schimberni denuncia il caos nel sistema dei trasporti. ;1990.0;1951-2000;stampa;['siamo  spaventosamente  indietro nell  avvio degli investimenti destinati a realizzare un sistema di trasporti delle merci a livello europeo .'];spaventosamente indietro;wir hinken beim Beginn von Investitionen zur Schaffung eines Güterverkehrssystems auf europäischer Ebene furchtbar hinterher;NU
24386;LRspaventosamente.txt;La Repubblica;sconosciuto; È avvenuto ieri a Sommatino, in Sicilia. ;1990.0;1951-2000;stampa;['il vecchio palazzo privo di quel sostegno non ha resistito ed è crollato  spaventosamente  .'];crollare spaventosamente;das alte Gebäude ohne diese Stütze leistete keinen Widerstand und stürzte schrecklich ein;CU
24393;LRspaventosamente.txt;La Repubblica;Mario Sconcerti; A PASSO D' UOMO. ;1990.0;1951-2000;stampa;['se hanno modo di giocare seriamente , in pochi anni si avvicineranno  spaventosamente  al vertice .'];avvicinare spaventosamente;Wenn sie die Möglichkeit haben, ernsthaft zu spielen, werden sie in ein paar Jahren der Spitze schrecklich nahe sein;NU
24859;LRspaventosamente.txt;La Repubblica;Italo Alighiero Chiusano; A colloquio con Michael Ende di cui sta per uscire un nuovo libro per ragazzi:  La notte dei desideri . ;1990.0;1951-2000;stampa;['mi dica , insisto , la situazione negativa che lei prospetta nel libro è  spaventosamente  realistica : rispecchia veramente il degrado assassino dei nostri giorni .'];spaventosamente realistico;Sagen Sie mir, ich bestehe darauf, dass die negative Situation, die Sie sich in dem Buch vorstellen, schrecklich realistisch ist: Sie spiegelt wirklich die mörderische Erniedrigung unserer Tage wider;BU
24891;LRspaventosamente.txt;La Repubblica;Adriano Bonafede, Stefano Carli; AFFARI ITALIA -- È ancora guerra fra i partiti di governo sul rinnovo dei vertici dell' Efim. ;1990.0;1951-2000;stampa;['il capitale circolante è cresciuto  spaventosamente  dall     all     , passando da  .'];crescere spaventosamente;Das Betriebskapital ist von allen Seiten schrecklich gewachsen;NU
24926;LRspaventosamente.txt;La Repubblica;m g; Redditi da fame per i commercianti gli agenti di cambio sono i più ricchi Pubblicati dalle Finanze i libri sulle denunce Irpef degli italiani nell' 88.;1990.0;1951-2000;stampa;['un anno poi finito maluccio per i mercati finanziari , incappati nel memorabile lunedì nero , quel    ottobre che vide i corsi azionari crollare  spaventosamente  in tutto il mondo .'];crollare spaventosamente;ein Jahr, das dann schlecht für die Finanzmärkte endete, stolperte über den denkwürdigen Schwarzen Montag, jenen Oktober, an dem die Aktienkurse auf der ganzen Welt schrecklich fielen;BU
24976;LRspaventosamente.txt;La Repubblica;PIERO ONETO; Supererà nel '90 i diecimila miliardi. ;1990.0;1951-2000;stampa;['la società ha perso due anni mentre la quindicina di giganti della chimica a livello mondiale in questo periodo hanno accresciuto  spaventosamente  il gap esistente .'];accrescere spaventosamente;Das Unternehmen verlor zwei Jahre, während die fünfzehn Chemiegiganten weltweit in diesem Zeitraum den bestehenden Abstand schrecklich vergrößert haben;NU
25696;LRspaventosamente.txt;La Repubblica;Sandro Viola; Bella come sempre ma solo in apparenza: il fascino della mitica capitale degli anni CInquanta è ormai tramontato. ;1991.0;1951-2000;stampa;['è stato dopo che tutto è divenuto  spaventosamente  peggio , le città , la gente , gli alberghi , il cibo e i camiciai .'];spaventosamente peggio;danach wurde alles schrecklich schlimmer, die Städte, die Menschen, die Hotels, das Essen und die Hemdenmacher;NU
26637;LRspaventosamente.txt;La Repubblica;Stefano Marroni; Presentato a Botteghe Oscure il programma in vista della campagna elettorale. ;1991.0;1951-2000;stampa;['nella sostanza , le   analisi e proposte per un programma di legislatura   rilegate sotto il titolo   l  italia verso il        indicano il metodo che una forza riformista deve adottare    ha spiegato ieri salvati    se vuol davvero far vivere la scelta    spaventosamente  difficile   di uscire dal consociativismo .'];spaventosamente difficile;Im Wesentlichen zeigen die Analysen und Vorschläge für ein unter dem Titel „Italien“ gebundenes Gesetzgebungsprogramm die Methode auf, die eine reformistische Kraft anwenden muss, erklärte Salvati gestern, wenn er wirklich die schrecklich schwierige Wahl leben wolle, den Konssoziativismus zu verlassen;NU
26638;LRspaventosamente.txt;La Repubblica;Fabio Barbieri; LA TREGUA NEL GOLFO Amman, migliaia di persone al corteo anti-Usa, ma re Hussein cerca un futuro di stabilità. ;1991.0;1951-2000;stampa;['un terzo della popolazione prima del   agosto era al di sotto della soglia di povertà secondo gli standard internazionali : la percentuale è aumentata  spaventosamente  negli ultimi mesi dopo i licenziamenti di massa seguiti all  embargo all  iraq , con il quale la giordania fatturava circa l     per cento del suo commercio estero .'];aumentare spaventosamente;ein Drittel der Bevölkerung lag vor August nach internationalen Maßstäben unterhalb der Armutsgrenze: Der Prozentsatz ist in den letzten Monaten nach den Massenentlassungen nach dem Embargo gegen den Irak, mit dem Jordanien etwa 1 Prozent seines Außenhandels in Rechnung stellte, schrecklich gestiegen;NU
26640;LRspaventosamente.txt;La Repubblica;sconosciuto; È tornata di moda la voglia di uscire la sera. ;1991.0;1951-2000;stampa;"['pochi , possono o vogliono spendere cifre superiori per una cena fuori ; tant   è che solo il   per cento degli intervistati ammette di andare a caccia di posti esclusivi , dai menù elaborati quanto  spaventosamente  costosi .']";spaventosamente costoso;"wenige können oder wollen höhere Summen für ein Abendessen ausgeben; so sehr, dass nur x Prozent der Befragten zugeben, nach exklusiven Lokalen zu suchen, mit Menüs, die sowohl aufwändig als auch schrecklich teuer sind";NU
27733;LRspaventosamente.txt;La Repubblica;Emanuela Audisio; COPPA AMERICA -- Ha trattato malissimo lo skipper, ma non è servito...;1992.0;1951-2000;stampa;['abbattuto , piuttosto depresso , senza l  euforia dialettica del primo giorno , koch dopo la sconfitta con il moro è sembrato  spaventosamente  fragile .'];spaventosamente fragile;deprimiert, ziemlich deprimiert, ohne die dialektische Euphorie des ersten Tages, wirkte Koch nach der Niederlage mit Moro schrecklich zerbrechlich;NU
28092;LRspaventosamente.txt;La Repubblica;Paolo Garimberti;ALLA RESA DEI CONTI.;1992.0;1951-2000;stampa;['la liberalizzazione dei prezzi , avviata in gennaio , che ha aumentato  spaventosamente  il costo della vita è stata accolta dalla gente con indifferenza , più che con rassegnazione .'];aumentare spaventosamente;Die im Januar begonnene Preisliberalisierung, die die Lebenshaltungskosten schrecklich erhöhte, wurde von der Bevölkerung eher mit Gleichgültigkeit als mit Resignation aufgenommen;NU
28715;LRspaventosamente.txt;La Repubblica;Pietro Veronese; Africa un continente in subbuglio L' ottimismo della Banca Mondiale contrasta con le difficoltà del paese più povero del mondo. ;1992.0;1951-2000;stampa;['certo non basta , se si considera che il punto di partenza è  spaventosamente  basso .'];spaventosamente basso;sicherlich nicht genug, wenn man bedenkt, dass die Ausgangsbasis schrecklich niedrig ist;NU
28724;LRspaventosamente.txt;La Repubblica;Simonetta Fiori; Un saggio ridisegna la figura di Beatrice Webb attraverso i personaggi che hanno frequentato il suo salotto inglese. ;1992.0;1951-2000;stampa;['ci ammiriamo e ci stimiamo reciprocamente , e reciprocamente ci diamo  spaventosamente  ai nervi   , aveva scritto di beatrice il giovane shaw , durante la loro prima vacanza trascorsa insieme nell  estate del      .'];dare spaventosamente ai nervi;wir bewundern und schätzen einander und gehen uns gegenseitig schrecklich auf die Nerven, hatte der junge Shaw während ihres ersten gemeinsamen Urlaubs im Sommer über Beatrice geschrieben;NU
29981;LRspaventosamente.txt;La Repubblica;Emanuela Audisio; Con il 2 % delle borse, l' Ibf creerà un fondo destinato ai pugili a fine carriera.;1993.0;1951-2000;stampa;['ma se l  ibf ha deciso di muoversi vuol dire che lista dei falliti del ring è  spaventosamente  lunga .'];spaventosamente lungo;aber wenn sich die IBF für einen Umzug entschieden hat, bedeutet das, dass die Liste der Ausfälle des Rings schrecklich lang ist;NU
30149;LRspaventosamente.txt;La Repubblica;sconosciuto;TORINO GIOVANI  GUARDA A EST.;1993.0;1951-2000;stampa;['la giovanissima nina cui l  interprete angelica nevolina consegna una sofferta intensità si muove tra luoghi e interni  spaventosamente  degradati .'];spaventosamente degradato;die sehr junge Nina, der die engelhafte Dolmetscherin Nevolina eine schmerzhafte Intensität vermittelt, bewegt sich zwischen schrecklich heruntergekommenen Orten und Innenräumen;BU
30316;LRspaventosamente.txt;La Repubblica;Mattia Chiusano; Sci, ha vinto la 15 km di fondo a Dobbiaco.;1993.0;1951-2000;stampa;['una fatica consapevole , mirata , fredda come nella    km dei mondiali di falun , quando arrivò  spaventosamente  vicina alla belmondo .'];spaventosamente vicino;eine bewusste Anstrengung, konzentriert, kalt wie beim Weltcup-Kilometer von Falun, als es dem Belmondo schrecklich nahe kam;NU
30839;LRspaventosamente.txt;La Repubblica;Romano Giachetti; Scoppia la polemica su ' Jurassic Park '.;1993.0;1951-2000;stampa;['non si è accorto che il film jurassic park incassa  spaventosamente  bene e che    scienza o non scienza    il commercio è l  anima di tutto .'];spaventosamente bene;Er hat nicht gemerkt, dass der Film Jurassic Park schrecklich gut läuft und dass ,Wissenschaft hin oder her, Kommerz die Seele von allem ist;PU
31569;LRspaventosamente.txt;La Repubblica;sconosciuto; Cristofori ribatte all' accusa di aver varato provvedimenti assistenziali. ;1993.0;1951-2000;stampa;['terzo : io capisco che la somma possa apparire squilibrata , però ricordiamoci che in calabria il tasso di disoccupazione è  spaventosamente  alto   .'];spaventosamente alto;Drittens: Ich verstehe, dass die Summe unausgewogen erscheinen mag, aber denken wir daran, dass in Kalabrien die Arbeitslosenquote schrecklich hoch ist;NU
31806;LRspaventosamente.txt;La Repubblica;Sebastiano Messina; L' ORA DELLE SCELTE. ;1993.0;1951-2000;stampa;['l  appello di giugni a liquidare la nomenklatura ha trovato un partito    spaventosamente  indebitato   , ha avuto difficoltà a farsi attaccare il telefono , non ha ancora la carta intestata .'];spaventosamente indebitato;Giugnis Appell, die Nomenklatura zu liquidieren, hat eine furchtbar verschuldete Partei gefunden, hatte Schwierigkeiten, das Telefon anzuschließen, hat noch keinen Briefkopf;NU
31924;LRspaventosamente.txt;La Repubblica;Sandro Viola; I FANTASMI DEL REGIME / 4. ;1993.0;1951-2000;stampa;"['una   stilista   , dio mi perdoni il termine , che fa vestiti spaventosi e si veste  spaventosamente  ; una donna metà stordita , metà sovreccitata ; una specialista in feste e balli un po    osé   e molto cafoni .']";vestire spaventosamente;ein Stylist, Gott verzeih mir den Begriff, der unheimliche Klamotten macht und sich schrecklich kleidet…;CU
34241;LRa_randomsample.txt;La Repubblica;Franco Prattico; Murray Gell-Mann è uno dei massimi fisici teorici viventi: prese il Nobel venticinque anni fa per aver scoperto la particella più piccola della materia.;1994.0;1951-2000;stampa;['e proprio nella sua qualità di   padre   dei quark , adesso vuole andare  a  vedere cosa collega questi   pezzetti   ultimi del mondo , simbolo della semplicità stessa , con la realtà che ci circonda che è invece spaventosamente complicata .'];spaventosamente complicato;und gerade in seiner Eigenschaft als Vater der Quarks will er nun nachsehen, was diese letzten Teile der Welt, ein Symbol der Einfachheit selbst, mit der uns umgebenden Realität verbindet, die stattdessen schrecklich kompliziert ist;NU
34247;LRspaventosamente.txt;La Repubblica;Guido Almansi; La Bibbia è stata fonte non solo di più o meno autorevoli interpretazioni ma anche di singolari e a volte esilaranti parodie.;1994.0;1951-2000;stampa;"['certo per noi ,  spaventosamente  ignoranti circa la storia sacra , può essere a volte difficile comprendere le manifestazioni di una cultura del passato così profondamente impregnata dei libri sacri , conosciuti praticamente a memoria da tutti i letterati   sulla bibbia si imparava a leggere ; la bibbia era il termine di confronto di qualsiasi esperimento letterario   .']";spaventosamente ignoranto;sicherlich kann es für uns, die wir schrecklich unwissend über heilige Geschichte sind, manchmal schwierig sein, die Manifestationen einer Kultur der Vergangenheit zu verstehen, die so tief von heiligen Büchern durchdrungen ist…;NU
34282;LRspaventosamente.txt;La Repubblica;Marina Garbesi; Domani in aula solo un imputato.;1994.0;1951-2000;stampa;['l  immagine di questo paese è  spaventosamente  danneggiata ogni volta che c  è un rapimento .'];spaventosamente danneggiato;das Image dieses Landes wird mit jeder Entführung furchtbar beschädigt;NU
34593;LRspaventosamente.txt;La Repubblica;f b; Sensi, il primato della Roma e il nuovo stadio: ' Costerebbe solo 50 miliardi '.;1994.0;1951-2000;stampa;['lire a posto : cifre bassissime rispetto al passato , quando però c  era di mezzo tangentopoli e i costi degli stadi lievitavano  spaventosamente    la ristrutturazione dell  olimpico , ristrutturazione appunto , è costata     miliardi   ufficiali     .'];lievitare spaventosamente;…sehr niedrige Zahlen im Vergleich zu früher, als es jedoch eine halbe Tangentopoli gab und die Kosten der Stadien schrecklich anstiegen…;NU
34891;LRspaventosamente.txt;La Repubblica;Massimo Riva;L' ULTIMO FEUDO DEI PARTITI.;1994.0;1951-2000;stampa;['giorno per giorno , si va scoprendo che il rischio debitorio di molte banche pubbliche risulta  spaventosamente  concentrato su imprese ed impresari a cui i fidi sono stati allegramente concessi fuori di qualunque criterio di prudenza professionale e soltanto sulla base di quello che , eufemisticamente , può chiamarsi il favore politico o il comparaggio di interessi .'];spaventosamente concentrato;Tag für Tag stellen wir fest, dass das Schuldenrisiko vieler öffentlicher Banken schrecklich auf Unternehmen und Unternehmer konzentriert ist…;NU
35388;LRspaventosamente.txt;La Repubblica;Maria Novella De Luca; Un giornalista americano accusa il mondo della moda Claudia Schiffer eletta ' la più bella della storia '. ;1995.0;1951-2000;stampa;['sono così  spaventosamente  belle , così incredibilmente ricche , così algidamente perfette , che sommergerle sotto un mare di pettegolezzi , sussurrando spesso la parola sesso e ancor di più il sostantivo droga è troppo allettante per non cadere in tentazione .'];spaventosamente bello;Sie sind so schrecklich schön, so unglaublich reich, so eisig perfekt, dass sie unter einem Meer aus Klatsch und Tratsch tauchen, oft das Wort Sex und noch mehr das Substantiv Droge flüstern, zu verlockend ist, um nicht in Versuchung zu geraten;PU
35992;LRspaventosamente.txt;La Repubblica;Franco Prattico; È polemica fra scienziati. ;1995.0;1951-2000;stampa;['ciò che alla nostra mente appare invece inaccettabile e terrorizzante è l  idea di un universo eterno ed infinito , così  spaventosamente  lontano e indifferente da rendere totalmente priva di senso la nostra effimera esistenza .'];spaventosamente lontano;Was uns stattdessen inakzeptabel und schrecklich erscheint, ist die Vorstellung eines ewigen und unendlichen Universums, das so schrecklich weit entfernt und gleichgültig ist, dass es unsere vergängliche Existenz völlig bedeutungslos macht;NU
36397;LRspaventosamente.txt;La Repubblica;Alessandra Longo; LA NASCITA DI AN. ;1995.0;1951-2000;stampa;['sono gli ultimi momenti di tensione , rauti punta implacabile il suo dito contro l  analisi    spaventosamente  superficiale   del giovane leader :   cancelliamo il xx secolo per diventare che cosa ?'];spaventosamente superficiale;sind die letzten Momente der Anspannung, zeigt Rauti schonungslos mit dem Finger auf die schrecklich oberflächliche Analyse des jungen Anführers…;NU
36463;LRspaventosamente.txt;La Repubblica;Irene Bignardi; VENEZIA CINEMA Concorso: il messicano ' Sin remitente ' ( mediocre ) e l' irlandese ' Nothing Personal '. ;1995.0;1951-2000;stampa;['anche se poi , per esempio nel caso di un film come nothing personal   niente di personale   di thaddeus o   sullivan , che ci racconta un momento delle vicende irlandesi di vent  anni fa giusti , conta meno la precisazione dei dati storici o la collocazione della vicenda in un contesto preciso , quanto la terribile sensazione di vedere ripetersi un modello che conosciamo benissimo    e capiamo malissimo    attraverso le cronache di ogni giorno : ieri era belfast , oggi ricorda  spaventosamente  la bosnia .'];ricordare spaventosamente;...so sehr wie das schreckliche Gefühl, ein Muster zu sehen, das wir jeden Tag durch die Nachrichten sehr gut kennen und sehr schlecht verstehen: Gestern war es Belfast, heute erinnert es schrecklich an Bosnien;BU
36535;LRspaventosamente.txt;La Repubblica;Francesco Laurenzi; Le previsioni. ;1995.0;1951-2000;stampa;['malgrado questo l  energia messa in gioco da una bomba atomica , per quanto  spaventosamente  grande , è sempre minore di quella di un temporale estivo delle nostre latitudini .'];spaventosamente grande;trotzdem ist die Energie, die eine noch so schrecklich große Atombombe ins Spiel bringt, immer geringer als die eines Sommergewitters in unseren Breiten;BU
37005;LRspaventosamente.txt;La Repubblica;Paolo Vagheggi; Dopo il restauro finanziato con i fondi raccolti da ' Repubblica ', riapre la sala danneggiata dall' esplosione. ;1995.0;1951-2000;stampa;['sessanta artisti che lavorano in italia , negli stati uniti , in francia , in gran bretagna , in grecia , hanno donato disegni , collage , litografie , per risarcire , simbolicamente , il museo ,  spaventosamente  devastato da una bomba di matrice mafiosa .'];spaventosamente devastato;sechzig Künstler, die in Italien, in den Vereinigten Staaten, in Frankreich, in Großbritannien, in Griechenland arbeiten, haben Zeichnungen, Collagen, Lithografien gespendet, um symbolisch das Museum zu entschädigen, das durch eine Mafia-Bombe schrecklich verwüstet wurde;BU
37240;LRspaventosamente.txt;La Repubblica;Pietro Veronese; I minatori sono stati travolti da un carrello che è piombato sull' ascensore mentre scendeva nel giacimento aurifero a quota meno2.300. ;1995.0;1951-2000;stampa;['tutto è apparso loro  spaventosamente  compresso , i due livelli dell  ascensore ridotti a un ammasso grande la metà .'];spaventosamente compresso;alles erschien ihnen schrecklich komprimiert, die zwei Stockwerke des Fahrstuhls auf eine Masse von der Größe der Hälfte reduziert;NU
37403;diacorisEco2.txt;DiaCoris;Umberto Eco;Il pettegolezzo era una cosa seria;1995.0;1951-2000;stampa;['ma forse il poeta tragico era colui che metteva gli spettatori nello stato d   animo di chi ascolta un segreto per la prima volta , e ciascuno si sentiva spaventosamente e gloriosamente solo sulle gradinate affollate dell   anfiteatro .'];spaventosamente solo;aber vielleicht war es der tragische Dichter, der die Zuschauer in den Zustand derjenigen versetzte, die zum ersten Mal ein Geheimnis hören und sich auf den überfüllten Stufen des Amphitheaters schrecklich und herrlich allein fühlten;NU
37579;LRspaventosamente.txt;La Repubblica;Mattia Chiusano; LA CHIUSURA DEI GIOCHI. ;1996.0;1951-2000;stampa;['meno forte di altri compagni , ma  spaventosamente  lucido sullo scatto breve .'];spaventosamente lucido;weniger stark als andere Gefährten, aber schrecklich klar auf den kurzen Schuss;NU
37680;LRspaventosamente.txt;La Repubblica;FURIO COLOMBO; Secondo le autorità, è un ' indennizzo per il male subito '.;1996.0;1951-2000;stampa;['l  istituto della vendetta di stato ci rende più forti perché sempre più gente si rende conto non solo della follia di un simile comportamento ma anche del male grandissimo che si sta commettendo a danno di chi è già stato  spaventosamente  colpito , i parenti delle vittime .'];spaventosamente colpito;Das Staatliche Racheinstitut stärkt uns, weil immer mehr Menschen nicht nur den Wahnsinn eines solchen Verhaltens erkennen, sondern auch das enorme Übel, das zu Lasten der bereits schrecklich Getroffenen, der Angehörigen der Opfer, begangen wird;BU
37778;LRspaventosamente.txt;La Repubblica;Alfredo Giuliani; ' Tre delitti rituali ': storie nere esemplari di Marcel Jouhandeau. ;1996.0;1951-2000;stampa;['il quale , in sé e per sé , è  spaventosamente  noioso come tutte le cose irrevocabili .'];spaventosamente noioso;was an und für sich schrecklich langweilig ist wie alle unwiderruflichen Dinge;NU
37847;LRspaventosamente.txt;La Repubblica;David Grossman; LA NUOVA INTIFADA Netanyahu mette ostacoli sulla via aperta da Rabin. ;1996.0;1951-2000;stampa;['netanyahu diversamente da rabin e peres , a quanto pare ha un  altra finalità che sta diventando  spaventosamente  chiara .'];spaventosamente chiaro;Netanjahu hat im Gegensatz zu Rabin und Peres offenbar einen anderen Zweck, der schrecklich klar wird;NU
37911;LRspaventosamente.txt;La Repubblica;c s; GLI ANTICIPI DI SERIE A LE PAGELLE. ;1996.0;1951-2000;stampa;['tommasi   : è in un momento di entusiasmo agonistico , ma i piedi sono  spaventosamente  imprecisi .'];spaventosamente impreciso;Tommasi: Er ist in einem Moment der Wettkampfbegeisterung, aber seine Füße sind schrecklich ungenau;NU
37982;LRspaventosamente.txt;La Repubblica;sconosciuto;LETTERE.;1996.0;1951-2000;stampa;['quel tasso è  spaventosamente  più alto .'];spaventosamente alto;diese Rate ist schrecklich höher;NU
38131;LRspaventosamente.txt;La Repubblica;Paolo Mauri; Pavia celebra il critico: una mostra con inediti. ;1996.0;1951-2000;stampa;['sono più che mai innamorato di stendhal e se sapessi farmi una bandiera io che , in fondo , sono  spaventosamente  timido , scriverei , su quella , la parola :   introspezione   .'];spaventosamente timido;Ich bin mehr denn je in Stendhal verliebt und wenn ich wüsste, wie ich mir selbst, der ich doch schrecklich schüchtern bin, eine Fahne machen könnte, würde ich das Wort darauf schreiben: Introspektion;NU
38255;LRspaventosamente.txt;La Repubblica;Luisa Grion; I CONTI DELL' ITALIA L' ANALISI Il Censis fotografa l' economia. ;1996.0;1951-2000;stampa;['ma fra tanti dati   rosa   ne spicca uno   nerissimo   : se negli anni settanta un giovane alla ricerca di occupazione raggiungeva l  obiettivo dopo appena nove mesi , ora i tempi d  attesa si sono  spaventosamente  dilatati .'];spaventosamente  dilatato;aber unter den vielen rosa Daten sticht eine ganz schwarze hervor: war in den siebzigerjahren ein Arbeitssuchender junger Mann nach nur neun Monaten am Ziel, so haben sich jetzt die Wartezeiten furchtbar verlängert;NU
40616;LRspaventosamente.txt;La Repubblica;Maria Pia Fusco; A Bevagna sul set del film italo-francese ' Dolce far niente ': parla il regista Nae Caranfil. ;1997.0;1951-2000;stampa;['le piace farsi corteggiare da stendhal , sarebbe anche pronta a concedersi , ma lui è troppo timido e  spaventosamente  imbranato , sbaglia continuamente i tempi e le mosse .'];spaventosamente imbranato;sie lässt sich gerne von Stendhal umwerben, sie wäre auch bereit, sich verwöhnen zu lassen, aber er ist zu schüchtern und schrecklich tollpatschig…;NU
40835;LRspaventosamente.txt;La Repubblica;Paolo Vagheggi; L' INTERVISTA Assisi, ancora in serio pericolo le volte della chiesa superiore affrescate da Cimabue e Giotto. ;1997.0;1951-2000;stampa;['un mese dopo le fatali scosse del    settembre la partita per salvare il patrimonio artistico ,  spaventosamente  danneggiato da un terremoto che non sembra aver mai fine , non è ancora conclusa .'];spaventosamente danneggiato;einen Monat nach den verhängnisvollen Erschütterungen im September ist das Spiel um die Rettung des künstlerischen Erbes, das durch ein scheinbar nie endendes Erdbeben schrecklich beschädigt wurde, noch nicht zu Ende;NU
40954;LRspaventosamente.txt;La Repubblica;Giuliana Martinat; TORTONA I KILLER DEL CAVALCAVIA Torino, provocazione di un informatico: un giochino elettronico sulle vicende di Tortona. ;1997.0;1951-2000;stampa;[', è  spaventosamente  semplice : con il mouse si guida una manina che lancia sassi sulle automobiline in corsa .'];spaventosamente semplice;es ist schrecklich einfach: mit der Maus fährst du eine kleine Hand, die Steine auf die Rennautos wirft;NU
41196;LRspaventosamente.txt;La Repubblica;Daniele Mastrogiacomo; Partita da Le Havre, trasportava 2300 container.;1997.0;1951-2000;stampa;['un  improvvisa onda anomala ha investito il ponte di comando facendo rollare  spaventosamente  la nave   .'];rollare spaventosamente;Eine plötzliche Flutwelle traf die Brücke und ließ das Schiff fürchterlich rollen;BU
41199;LRspaventosamente.txt;La Repubblica;Pietro Citati; LE OSSESSIONI DI UN GRANDE SCRITTORE Esce una biografia di Gian Carlo Roscioni Illumina aspetti sconosciuti dell' autore del ' Pasticciaccio '. ;1997.0;1951-2000;stampa;"['per difendersi , protestava , accusava , odiava , bestemmiava  spaventosamente  contro tutto e tutti ; e la bestemmia accresceva la colpa , e il bisogno di espiazione e di punizione .']"; bestemmiare spaventosamente;"um sich zu wehren, protestierte, beschuldigte, haßte, schimpfte er fürchterlich gegen alles und jeden; und Blasphemie erhöhte die Schuld und die Notwendigkeit von Sühne und Bestrafung";BU
41210;LRspaventosamente.txt;La Repubblica;Stefano Citati; LO SCANDALO DEI PARA' L' INTERVISTA. ;1997.0;1951-2000;stampa;['l  ambasciata era  spaventosamente  piena di persone   .'];spaventosamente piena;Die Botschaft war furchtbar voll mit Menschen;NU
41491;LRspaventosamente.txt;La Repubblica;Gianni Mura; IL TOUR DE FRANCE Dopo le sofferenze di domenica, un' altra impresa in montagna per il romagnolo: è di nuovo terzo. ;1997.0;1951-2000;stampa;['è  spaventosamente  lucido in questa pazzia , ha un vantaggio di sicurezza ma sembra che non gliene importi .'];spaventosamente lucido;Er ist schrecklich klar in diesem Wahnsinn, er hat einen Sicherheitsvorteil, aber es scheint ihn nicht zu kümmern;NU
41546;LRspaventosamente.txt;La Repubblica;sconosciuto; L' ITALIA E L' ALBANIA La Difesa: non possiamo bloccare l' esodo dall' Albania. ;1997.0;1951-2000;stampa;['uomini , donne e bambini d  albania sono atterrati in italia , ma altre centinaia si preparano a mettersi nelle mani della mafia albanese per attraversare quel braccio di mare che separa due economie così  spaventosamente  diverse .'];spaventosamente diverso;Albanische Männer, Frauen und Kinder sind in Italien gelandet, aber Hunderte weitere bereiten sich darauf vor, sich in die Hände der albanischen Mafia zu begeben, um diesen Meeresabschnitt zu überqueren, der zwei so schrecklich unterschiedliche Wirtschaften trennt;NU
41816;LRspaventosamente.txt;La Repubblica;Massimo Novelli; Franco Fuschi rinviato a giudizio.;1997.0;1951-2000;stampa;"['poi la lista nera di fuschi , che dice di provare piacere a sparare e a uccidere , si allunga  spaventosamente  : giacomo leva , nell     ; ivo asteggiano   era uno studente che lui avrebbe assassinato su ordine di ferraro , ma non c  è nessuna prova   e giovanni peiretti , nell     ; massimo mantovani e gabriella racca , nell     ; giorgio seidita , nel     ; lorenzo bertini , nel     , ucciso mentre era sul balcone di casa ; stefanio francese , nel     .']";allungare spaventosamente;dann wächst die schwarze Liste von Fuschi, der nach eigener Aussage Freude am Schießen und Töten hat, schrecklich an: Giacomo Leva, ... Ivo Asti war ein Student, den er angeblich auf Befehl von Ferrari ermordet hat, aber es gibt keine Beweise…;BU
41831;LRspaventosamente.txt;La Repubblica;Simon Schama; LA LETTURA DI FERRAGOSTO. ;1997.0;1951-2000;stampa;['nel maggio      la regina vittoria vide l  orangutan   jenny   sorseggiare una tazza di darjeeling e non poté esimersi dal commentare nel diario :   egli è  spaventosamente  , dolorosamente , sgradevolmente umano   .'];spaventosamente umano;im Mai sah Königin Victoria den Orang-Utan Jenny an einer Tasse Darjeeling nippen und konnte nicht umhin, ins Tagebuch zu kommentieren: Er ist schrecklich, schmerzhaft, unangenehm menschlich;BU
41869;LRspaventosamente.txt;La Repubblica;Marina Garbesi; LA LOTTERIA DELLE BEFFE Roma, un pomeriggio negli uffici dei Monopoli dove avvengono le estrazioni. ;1997.0;1951-2000;stampa;['a volte , vede più di dodici funzionari che dovevano essere occhiuti e invece erano troppo indaffarati , svagati o forse  spaventosamente  miopi .'];spaventosamente miopo;sieht manchmal mehr als zwölf Beamte, die beobachtet worden sein müssen, aber zu beschäftigt, abgelenkt oder vielleicht schrecklich kurzsichtig waren;NU
42078;LRspaventosamente.txt;La Repubblica;Eugenio Occorsio;OPINIONI DAL MONDO.;1997.0;1951-2000;stampa;['si sono comprati moltissimi telefoni cellulari , ma sempre meno riso e le differenze fra ricchi e poveri si sono  spaventosamente  ampliate .'];spaventosamente ampliato;Viele Handys wurden gekauft, aber immer weniger Reis, und die Unterschiede zwischen Arm und Reich haben sich schrecklich vergrößert;NU
42342;LRspaventosamente.txt;La Repubblica;Fabrizio Bocca;RESPONSABILI MOLTO IN ALTO AL MINISTERO I CONTROLLI.;1998.0;1951-2000;stampa;['come in francia è stata l  inchiesta della magistratura    e non quella dello sport    a scoprire che nel calcio i controlli antidoping sono  spaventosamente  carenti , per non dire fasulli .'];spaventosamente carento;Wie in Frankreich war es die Untersuchung der Justiz und nicht die des Sports, die herausfand, dass im Fußball Anti-Doping-Kontrollen schrecklich fehlen, ganz zu schweigen von Fälschungen;NU
42403;LRspaventosamente.txt;La Repubblica;Paolo Vagheggi; Al convegno di Assisi la Melandri propone una nuova legge. ;1998.0;1951-2000;stampa;['è una vera e propria festa che arriva in un momento che non è dei più semplici , specialmente per il settore legato al restauro e al recupero del patrimonio architettonico dell  umbria e delle marche ,  spaventosamente  danneggiato dal terremoto dello scorso anno .'];spaventosamente danneggiato;Es ist ein echtes Fest, das zu einem nicht einfachen Zeitpunkt stattfindet, insbesondere für den Sektor, der mit der Restaurierung und Wiederherstellung des architektonischen Erbes Umbriens und der Marken verbunden ist, das durch das Erdbeben im vergangenen Jahr schrecklich beschädigt wurde;BU
42447;LRspaventosamente.txt;La Repubblica;Gualtiero Peirce; È TUTTO DA VEDERE. ;1998.0;1951-2000;stampa;['i filmati girati dai nazisti trasmessi giovedì sera da raitre erano insopportabilmente necessari ,  spaventosamente  dovuti dalla televisione pubblica .'];spaventosamente dovuto;Nazi-Filmmaterial, das am Donnerstagabend von RaiTre ausgestrahlt wurde, war unerträglich notwendig, schrecklich dem öffentlichen Fernsehen geschuldet;NU
42449;LRspaventosamente.txt;La Repubblica;Roberto Nepoti; L' uso del sonoro è calcolatissimo: solo rumori reali, nessuna simulazione. ;1998.0;1951-2000;stampa;['con effetti diversi : sui   cahiers du cinéma   kent jones ha definito la scena    spaventosamente  goffa   .'];spaventosamente goffo;mit unterschiedlichen Effekten: Auf den Cahiers du Cinéma definierte Kent Jones die Szene schrecklich plump;NU
42661;LRspaventosamente.txt;La Repubblica;Leonetta Bentivoglio; Jansons: dirigerà i Berliner dopo Abbado? ;1998.0;1951-2000;stampa;['la musica è ormai  spaventosamente  condizionata dai soldi , basti pensare ai costi mostruosi della tournée di un  orchestra .'];spaventosamente condizionato;Musik ist mittlerweile schrecklich geldabhängig, man denke nur an die monströsen Kosten einer Orchestertournee;NU
42902;LRspaventosamente.txt;La Repubblica;Vittorio Zucconi; Ma le inefficienze del dopo sisma hanno lasciato il segno. ;1998.0;1951-2000;stampa;['tutto è  spaventosamente  pulito : non c  è una cartaccia , una lampadina rotta , una chiazza di pipì , un sacchetto di plastica , un graffito , dentro o fuori .'];spaventosamente pulito;alles ist schrecklich sauber: kein Müll, keine kaputte Glühbirne, kein Urinfleck, keine Plastiktüte, kein Graffiti, weder drinnen noch draußen;PU
43956;LRspaventosamente.txt;La Repubblica;sconosciuto; Paolucci: il Giubileo può diventare un moltiplicatore. ;1998.0;1951-2000;stampa;['la rapina alla galleria nazionale d  arte moderna gli accende i fari sulla malavita e ricorda che gli uffizi , nel      , sono già stati  spaventosamente  danneggiati da una bomba mafiosa .'];spaventosamente danneggiato;Der Raubüberfall auf die Nationalgalerie für moderne Kunst lässt die Scheinwerfer der Unterwelt aufleuchten und erinnert ihn daran, dass die Uffizien bereits von einer Mafia-Bombe schrecklich beschädigt wurden;NU
43961;LRspaventosamente.txt;La Repubblica;sconosciuto;EMERGENZA POMPEI.;1998.0;1951-2000;stampa;['pompei dunque rischia di trascinare sul fondo di un baratro anche quel poco o molto che è stato fatto negli ultimi anni e danneggia  spaventosamente  l  immagine del nostro sud , che dal turismo deve trarre linfa vitale .'];danneggiare spaventosamente;Pompeji riskiert daher, selbst das Wenige oder Vieles, das in den letzten Jahren getan wurde, auf den Grund eines Abgrunds zu ziehen und das Image unseres Südens, der sein Lebenselixier vom Tourismus beziehen muss, schrecklich zu beschädigen;NU
44368;LRspaventosamente.txt;La Repubblica;sconosciuto;BREVI.;1999.0;1951-2000;stampa;['è convinto che troppo sole in faccia   sa di pigro , o di  spaventosamente  ricco , o di entrambe le cose   .'];spaventosamente ricco;er ist überzeugt, dass zu viel Sonne in seinem Gesicht faul oder schrecklich reichhaltig oder beides schmeckt;NU
44512;LRanche_randomsample.txt;La Repubblica;Barbara Palombelli;LETTERE NON SI AFFITTA A STUDENTI MERIDIONALI.;1999.0;1951-2000;stampa;"['avanzate e accoglienti , da internet per tutti al tesserino magnetico con cui prenoti qualsiasi esame , dai mille servizi on line alle osterie aperte fino alle tre di notte ; ma è  anche  una città dove la criminalità è spaventosamente aumentata , e gli effetti si stanno facendo sentire .']";spaventosamente aumentato;"fortschrittlich und einladend, vom Internet für alle bis zur Magnetkarte, mit der Sie jede Prüfung buchen, von tausend Online-Diensten bis zu Tavernen, die bis drei Uhr morgens geöffnet sind; aber es ist auch eine Stadt, in der die Kriminalität schrecklich zugenommen hat und die Auswirkungen zu spüren sind";NU
44720;LRspaventosamente.txt;La Repubblica;Leonetta Bentivoglio; In alcune lettere inedite il burrascoso rapporto fra il musicista e la Biennale. ;1999.0;1951-2000;stampa;['della cifra ,  spaventosamente  alta per gli anni     ,  .'];spaventosamente alto;der Zahl, schrecklich hoch für die Jahre;NU
44776;LRspaventosamente.txt;La Repubblica;Guido Rampoldi; Nascosti in case di amici, oppure in fuga: aumentano i disertori cui il regime dà la caccia Il vice premier Seselij invoca la fucilazione in un solo giorno di  un centinaio di traditori, per dare l' esempio . ;1999.0;1951-2000;stampa;['ma se milosevic firma la resa , le morti provocate dall  aviazione occidentali diventerebbero  spaventosamente  inutili   .'];spaventosamente inutile;aber wenn Milosevic die Kapitulation unterschreibt, würden die von der westlichen Luftfahrt verursachten Todesfälle schrecklich nutzlos werden;NU
44812;LRspaventosamente.txt;La Repubblica;Natalia Aspesi; PUBBLICITÀ & MUSICA / A Norimberga va in scena un lavoro lirico.;1999.0;1951-2000;stampa;['come appunto quello della pubblicità , che sta superando il buonismo scemo che si canta nella carcassa sorridente e ci mostra ormai signorine sporcaccione e giovanotti assassini , mafiosi e scemi del villaggio , con una tecnica perfetta che rende  spaventosamente  vecchie le trasmissioni che purtroppo la interrompono .'];spaventosamente vecchio;wie die der Werbung, die die idiotische Güte, die in den lächelnden Kadaver gesungen wird, überwindet und uns jetzt schmutzige junge Damen und mörderische junge Männer, Gangster und Dorfidioten zeigt, mit einer perfekten Technik, die die Sendungen schrecklich alt macht, die sie leider unterbrechen;NU
44826;LRspaventosamente.txt;La Repubblica;Cinzia Sasso;  Ma niente allarmismi sulle indagini . ;1999.0;1951-2000;stampa;['già oggi i tempi dei processi sono  spaventosamente  lunghi .'];spaventosamente lungo;die Probezeiten sind schon schrecklich lang;NU
44849;LRspaventosamente.txt;La Repubblica;Corrado Augias; NELLA BERLINO ANNI VENTI La Germania di quel periodo era scossa da una profonda crisi nella quale maturò il delitto. ;1999.0;1951-2000;stampa;['doblin conclude condannando la pretesa di capire fatti di questa complessità per di più impiegando parole    spaventosamente  imprecise   :   con la comoda parola inclinazione un intero fascio di fatti viene trascurato piuttosto che definito .'];spaventosamente impreciso;Abschließend verurteilt Doblin den Anspruch, Sachverhalte dieser Komplexität zu verstehen, und verwendet zudem schrecklich ungenaue Worte…;NU
46630;LRspaventosamente.txt;La Repubblica;Vittorio Zucconi; In corteo a Washington le madri delle vittime di stragi: chiedono controlli sulla vendita di pistole e fucili. ;2000.0;1951-2000;stampa;['niente di rivoluzionario , eppure qualche cosa di  spaventosamente  difficile da ottenere , nella terra che guarda alla pistola come all  icona della propria religione laica .'];spaventosamente difficile;nichts Revolutionäres, aber etwas schrecklich schwer zu Bekommendes in einem Land, das die Waffe als Ikone seiner säkularen Religion betrachtet;NU
47039;LRspaventosamente.txt;La Repubblica;Giuseppe Videtti; Venduti in poche ore i biglietti per l' unico concerto al Filaforum di Assago del 21 aprile.;2000.0;1951-2000;stampa;['i primi trenta giorni del tour sono stati  spaventosamente  faticosi .'];spaventosamente faticoso;Die ersten dreißig Tage der Tournee waren schrecklich anstrengend;NU
47105;LRspaventosamente.txt;La Repubblica;Maria Stella Conte; Kuwait, l' attesa infinita della bambina rifugiata in ambasciata per fuggire dal padre. ;2000.0;1951-2000;stampa;"['erica è  spaventosamente  magra ,    chili per un metro e    d  altezza a    anni ; marta spaventosamente silenziosa , senza uno scarto che ricordi i suoi otto anni .']";spaventosamente silenzioso;"Erica ist schrecklich dünn, x Kilo für einen Meter  x und x Größe für x Jahre; Marta schrecklich still, ohne Lücke, die an ihre acht Jahre erinnert";NU
47105;LRspaventosamente.txt;La Repubblica;Maria Stella Conte; Kuwait, l' attesa infinita della bambina rifugiata in ambasciata per fuggire dal padre. ;2000.0;1951-2000;stampa;"['erica è  spaventosamente  magra ,    chili per un metro e    d  altezza a    anni ; marta spaventosamente silenziosa , senza uno scarto che ricordi i suoi otto anni .']";spaventosamente silenzioso;"Erica ist schrecklich dünn, x Kilo für einen Meter  x und x Größe für x Jahre; Marta schrecklich still, ohne Lücke, die an ihre acht Jahre erinnert";NU
47111;LRspaventosamente.txt;La Repubblica;SALMAN RUSHDIE;I QUARANTUNO ERRORI DEI POLIZIOTTI DI NEW YORK LE IDEE.;2000.0;1951-2000;stampa;['l  idea che gli possano essere restituite le pistole e che tornino a pattugliare le strade di new york con la loro scarsa capacità di giudizio e i loro slogan machisti     siamo i padroni della notte     è spaventosamente inimmaginabile .'];spaventosamente inimmaginabile;Die Vorstellung, dass ihre Waffen zurückgegeben werden können und dass sie zurückkehren, um die Straßen von New York mit ihrem schlechten Urteilsvermögen und ihren Macho-Slogans „Wir sind Meister der Nacht“ zu patrouillieren, ist schrecklich unvorstellbar;BU
47111;LRspaventosamente.txt;La Repubblica;SALMAN RUSHDIE;I QUARANTUNO ERRORI DEI POLIZIOTTI DI NEW YORK LE IDEE.;2000.0;1951-2000;stampa;['no , peggio : è  spaventosamente  immaginabile .'];spaventosamente immaginabile;nein, schlimmer: es ist schrecklich vorstellbar;BU
